,Country,Year,Medical doctors (per 10 000 population),Nursing and midwifery personnel (per 10 000 population),Dentists (per 10 000 population),Pharmacists  (per 10 000 population),Health Expenditure (% GDP)
0,Afghanistan,2020,2.535,,,,15.53361416
1,Afghanistan,2019,2.14,,0.714,,14.83131981
2,Afghanistan,2018,3.038,4.52,0.24,0.292,14.20841885
3,Afghanistan,2017,2.453,1.787,,,12.62081718
4,Afghanistan,2016,2.842,1.514,0.035,0.484,11.81859016
5,Afghanistan,2015,2.906,1.325,0.036,0.507,10.10534763
6,Afghanistan,2014,3.043,1.505,0.034,0.523,9.52887821
7,Afghanistan,2013,2.912,2.553,,,8.80596447
8,Afghanistan,2012,2.469,,,0.277,7.89716864
9,Afghanistan,2011,2.593,,,0.286,8.56190777
10,Afghanistan,2010,2.448,,,0.289,8.56967163
11,Afghanistan,2009,2.204,6.302,,0.309,9.81848717
12,Afghanistan,2008,1.829,5.214,0.145,0.314,10.25649548
13,Afghanistan,2007,1.823,5.185,0.12,0.32,9.90467453
14,Afghanistan,2006,1.659,4.571,0.132,0.326,10.62276554
15,Afghanistan,2005,,6.116,,0.369,9.94828892
16,Armenia,2017,45.457,,5.744,,10.36
17,Armenia,2015,29.619,50.344,3.752,0.497,10.12
18,Armenia,2014,29.153,51.953,3.938,0.519,10.18
19,Armenia,2013,28.993,51.94,4.188,0.51,10.32
20,Armenia,2012,28.668,52.34,4.426,0.429,9.13
21,Armenia,2011,28.163,52.038,4.428,0.413,9.38
22,Armenia,2010,27.753,51.169,4.266,0.417,9.24
23,Armenia,2009,26.968,50.467,4.2,0.371,8.44
24,Armenia,2008,26.735,50.66,4.012,0.355,6.64
25,Armenia,2007,26.085,50.19,3.358,0.363,5.5
26,Armenia,2006,25.313,49.965,3.122,0.337,5.85
27,Armenia,2005,25.089,48.805,3.147,0.312,5.86
28,Armenia,2004,24.083,47.578,2.303,0.281,6.06
29,Armenia,2003,24.036,48.322,2.039,0.305,7.18
30,Armenia,2002,25.047,50.122,1.887,0.345,7.61
31,Armenia,2001,25.499,53.085,1.647,0.306,4.65
32,Armenia,2000,26.164,57.245,2.342,0.335,4.2
33,Azerbaijan,2019,31.105,,,,4.18
34,Azerbaijan,2018,31.997,,,,3.84
35,Azerbaijan,2017,31.642,,,,4.07
36,Azerbaijan,2016,32.266,,,,4.42
37,Azerbaijan,2015,32.907,,,,4.34
38,Azerbaijan,2014,33.624,62.777,2.67,1.947,3.59
39,Azerbaijan,2013,33.734,64.835,2.55,2.029,3.23
40,Azerbaijan,2012,34.089,66.419,2.594,1.758,3.16
41,Azerbaijan,2011,33.594,68.013,2.565,1.77,2.6
42,Azerbaijan,2010,35.817,71.884,2.671,1.982,2.65
43,Azerbaijan,2009,35.964,79.341,2.694,1.811,2.77
44,Azerbaijan,2008,36.116,79.996,2.762,1.668,2.05
45,Azerbaijan,2007,36.48,80.908,2.841,1.812,1.99
46,Azerbaijan,2006,35.107,81.321,2.774,1.91,2.07
47,Azerbaijan,2005,35.332,81.302,2.764,2.01,2.23
48,Azerbaijan,2004,35.122,80.889,2.713,2.027,2.66
49,Azerbaijan,2003,35.081,81.933,2.688,2.177,2.73
50,Azerbaijan,2002,35.213,82.577,2.777,2.716,2.73
51,Azerbaijan,2001,35.117,84.634,2.723,2.588,2.77
52,Azerbaijan,2000,35.448,85.897,2.728,2.899,2.95
53,Bahrain,2016,8.42,23.459,0.951,,4.86051178
54,Bahrain,2015,9.324,25.123,0.984,1.63,4.97671938
55,Bahrain,2014,9.755,25.399,0.999,1.67,4.41240263
56,Bahrain,2013,9.939,26.1,1.062,1.538,4.30853891
57,Bahrain,2012,10.156,26.321,1.135,1.674,4.10642147
58,Bahrain,2011,9.966,26.334,1.048,1.592,3.8651762
59,Bahrain,2010,9.707,25.148,1.005,1.615,4.08934975
60,Bahrain,2009,9.741,25.35,1.0,1.577,4.32666922
61,Bahrain,2008,9.934,25.723,1.072,1.675,3.2038722
62,Bahrain,2007,10.111,,,1.73,3.29534078
63,Bahrain,2006,10.01,26.828,1.061,1.771,3.10821271
64,Bahrain,2005,10.289,26.489,1.087,1.818,3.25870824
65,Bahrain,2004,9.634,,2.16,,3.49817729
66,Bahrain,2003,10.484,28.267,,1.786,3.88658071
67,Bahrain,2002,10.584,28.211,,1.791,3.67866111
68,Bahrain,2001,10.16,29.659,,1.849,3.48573017
69,Bahrain,2000,9.531,27.846,,1.785,3.33542562
70,Bangladesh,2021,6.7,6.131,0.685,1.009,2.36492991
71,Bangladesh,2020,6.563,4.812,0.675,,2.27063942
72,Bangladesh,2019,6.272,3.858,0.58,,2.25762248
73,Bangladesh,2018,5.727,3.906,0.587,1.779,2.31622243
74,Bangladesh,2017,5.362,3.122,0.504,1.588,2.36720181
75,Bangladesh,2016,4.917,2.61,0.439,,2.38938212
76,Bangladesh,2015,4.81,2.722,0.413,0.773,2.27217698
77,Bangladesh,2014,4.842,2.536,0.408,0.782,2.27915168
78,Bangladesh,2013,4.183,2.083,0.392,,2.29574466
79,Bangladesh,2012,3.972,2.053,0.317,0.609,2.3537879
80,Bangladesh,2011,3.815,1.92,0.321,0.612,2.36418128
81,Bangladesh,2010,3.615,1.82,0.292,0.82,2.28807664
82,Bangladesh,2009,3.525,1.705,0.262,0.569,2.18321705
83,Bangladesh,2008,3.394,1.61,0.233,0.55,2.11878848
84,Bangladesh,2007,3.259,1.608,0.143,,2.17268491
85,Bangladesh,2006,3.129,2.807,,,2.10646582
86,Bangladesh,2005,3.043,2.801,0.166,,2.05873919
87,Bangladesh,2004,2.773,,0.14,,1.99854314
88,Bangladesh,2003,2.679,2.719,,,1.96152198
89,Bangladesh,2002,,,0.141,0.568,1.93417108
90,Bangladesh,2001,2.468,,,,1.77201855
91,Bhutan,2021,5.595,22.096,0.965,0.63,3.84550023
92,Bhutan,2020,4.841,20.751,0.919,0.66,4.36274862
93,Bhutan,2019,3.349,18.189,0.899,0.599,3.60361075
94,Bhutan,2018,4.199,18.331,0.787,0.564,3.2427721
95,Bhutan,2017,3.095,16.122,0.78,0.476,3.3407371
96,Bhutan,2016,3.988,15.057,,0.307,3.57613945
97,Bhutan,2015,3.377,14.395,,0.202,3.75701189
98,Bhutan,2014,3.313,12.996,,0.19,3.55791116
99,Bhutan,2013,2.785,10.962,,0.123,3.70787191
100,Bhutan,2012,2.69,10.207,,0.153,3.61913681
101,Bhutan,2008,2.479,9.656,,0.203,3.38117099
102,Bhutan,2007,2.113,7.996,0.103,0.147,4.1298461
103,Bhutan,2004,1.815,7.923,0.154,0.108,4.59777308
104,Cambodia,2019,2.143,10.249,,,6.84972715
105,Cambodia,2018,,6.952,0.864,,6.06630135
106,Cambodia,2017,,7.086,,,5.65125847
107,Cambodia,2016,,7.26,,,6.11648464
108,Cambodia,2015,,5.928,,,6.19431591
109,Cambodia,2014,1.935,9.662,0.166,0.346,6.70157766
110,Cambodia,2013,,9.474,0.159,0.35,7.10386753
111,Cambodia,2012,1.65,9.226,0.151,0.329,7.26115417
112,Cambodia,2011,2.258,8.714,0.2,0.399,7.50353098
113,Cambodia,2010,2.293,8.529,0.168,0.382,6.91169977
114,Cambodia,2009,2.367,8.507,0.173,0.386,7.58330584
115,Cambodia,2008,2.433,8.417,0.185,0.408,6.60109425
116,Cambodia,2000,1.689,9.18,0.172,0.465,6.53804731
117,China,2020,23.873,33.045,,,5.59359741
118,China,2019,22.58,31.262,,,5.3502779
119,China,2018,21.244,28.923,,,5.16790485
120,China,2017,20.06,26.974,4.517,3.212,5.06592178
121,China,2016,18.913,25.017,,,4.97955608
122,China,2015,17.998,23.258,,3.037,4.93827963
123,China,2014,17.145,21.688,,2.957,4.77790594
124,China,2013,16.611,20.225,,2.875,4.71490669
125,China,2012,15.651,18.269,,2.762,4.56584787
126,China,2011,14.886,16.535,0.877,2.682,4.34274387
127,China,2010,14.633,15.191,,2.625,4.23068333
128,China,2009,14.229,13.851,,2.553,4.34958458
129,China,2008,13.471,12.616,,2.485,3.900002
130,China,2007,12.981,11.796,,2.461,3.67491412
131,China,2006,12.779,10.862,,2.693,3.94742203
132,China,2005,12.435,10.343,0.391,2.679,4.17605019
133,China,2004,12.203,10.09,,2.741,4.29347467
134,China,2003,11.902,9.822,,,4.41762781
135,China,2002,11.426,9.732,,2.792,4.38285255
136,China,2001,12.865,10.112,,,4.25330067
137,China,2000,12.683,10.022,,3.278,4.50828123
138,Georgia,2021,54.047,58.749,6.557,0.918,8.42
139,Georgia,2020,48.212,60.132,6.543,,8.43
140,Georgia,2019,75.027,55.288,8.165,0.997,6.66
141,Georgia,2018,75.553,50.184,8.085,1.047,7.11
142,Georgia,2017,65.145,51.613,6.548,1.315,7.06
143,Georgia,2016,63.859,42.595,6.804,1.148,8.0
144,Georgia,2015,53.414,42.871,6.547,0.835,7.42
145,Georgia,2014,51.057,40.846,5.702,0.816,7.9
146,Georgia,2013,48.278,40.462,5.325,0.906,7.88
147,Georgia,2012,47.931,39.762,5.281,0.802,8.05
148,Georgia,2011,48.057,42.034,4.561,0.874,8.01
149,Georgia,2010,47.506,42.199,3.276,0.92,9.07
150,Georgia,2009,45.113,41.629,2.812,0.892,9.57
151,Georgia,2008,42.712,42.042,3.008,0.817,8.44
152,Georgia,2007,41.628,41.672,3.069,0.847,7.44
153,Georgia,2006,41.198,42.54,3.157,0.864,7.63
154,Georgia,2005,40.563,44.017,3.448,0.856,8.08
155,Georgia,2004,40.267,44.122,3.189,0.938,8.09
156,Georgia,2003,40.373,44.659,3.504,0.928,8.03
157,Georgia,2002,39.92,44.712,3.457,0.928,7.81
158,Georgia,2001,38.523,44.659,3.221,0.953,7.17
159,Georgia,2000,39.243,48.082,3.526,1.006,7.19
160,India,2020,7.265,17.278,1.596,8.599,3.34
161,India,2018,6.775,17.065,1.592,8.762,2.86
162,India,2017,,20.838,1.855,6.709,2.94
163,India,2016,,,1.477,5.54,3.5
164,India,2014,,,1.181,,3.62
165,India,2013,,,,5.144,3.75
166,India,2012,,,0.949,4.949,3.33
167,India,2011,,,0.937,5.226,3.25
168,India,2010,,,,5.289,3.27
169,India,2009,,,0.855,5.359,3.49
170,India,2008,,,0.773,,3.51
171,India,2007,,,0.614,,3.52
172,India,2006,,,0.666,4.932,3.63
173,India,2005,,12.829,0.479,,3.79
174,India,2004,,12.519,0.485,1.144,3.96
175,India,2003,,12.376,0.423,5.006,4.01
176,India,2002,,,0.429,,4.24
177,India,2001,,11.773,0.437,,4.26
178,India,2000,,11.62,0.369,,4.03
179,Indonesia,2021,6.95,11.162,1.239,3.106,3.70636249
180,Indonesia,2020,6.266,39.781,1.192,0.943,3.42067289
181,Indonesia,2019,4.669,38.217,0.584,0.821,2.87862897
182,Indonesia,2018,4.251,31.224,0.575,0.854,2.86757827
183,Indonesia,2017,3.77,20.544,0.547,1.733,2.90417194
184,Indonesia,2015,2.73,12.955,0.492,1.171,2.92428517
185,Indonesia,2012,1.992,,0.422,,2.91427088
186,Indonesia,2010,1.383,,0.358,,2.7908783
187,Indonesia,2009,1.433,,0.226,0.083,2.62324095
188,Indonesia,2003,1.322,8.067,0.236,0.061,2.24837184
189,Iraq,2020,9.132,22.556,3.29,3.88,6.17485046
190,Iraq,2019,,,2.496,,4.25509405
191,Iraq,2018,6.703,19.361,,3.092,4.12989378
192,Iraq,2017,7.938,17.18,2.404,2.761,4.04064989
193,Iraq,2016,8.075,16.227,2.307,2.499,4.58949184
194,Iraq,2015,,15.543,,,3.15587044
195,Iraq,2014,9.705,17.583,2.147,2.343,2.78786659
196,Iraq,2013,,19.484,,,2.80868459
197,Iraq,2010,6.313,,1.535,1.815,3.23955345
198,Israel,2021,36.539,56.324,8.876,8.427,7.9
199,Israel,2020,35.842,56.77,9.135,9.478,7.71
200,Israel,2019,35.415,55.313,8.713,8.093,7.17
201,Israel,2018,34.993,55.335,8.041,9.046,7.23
202,Israel,2017,34.519,55.771,7.221,7.943,7.18
203,Israel,2016,34.432,54.719,8.007,7.067,7.1
204,Israel,2015,34.505,53.532,8.283,6.785,7.02
205,Israel,2014,34.57,53.154,8.011,6.867,7.05
206,Israel,2013,34.825,53.052,6.989,6.902,6.96
207,Israel,2012,35.102,52.52,7.069,7.859,6.98
208,Israel,2011,35.252,52.284,7.865,7.775,6.84
209,Israel,2010,35.193,51.167,8.688,7.823,6.89
210,Israel,2009,35.286,51.373,8.473,6.991,6.92
211,Israel,2008,35.241,52.636,8.293,6.549,6.83
212,Israel,2007,35.63,54.892,8.199,6.185,6.7
213,Israel,2006,35.989,56.046,8.148,6.488,6.71
214,Israel,2005,36.338,56.179,8.39,6.702,6.9
215,Israel,2004,36.804,55.481,8.995,6.469,6.8
216,Israel,2003,37.145,56.877,9.523,6.126,6.86
217,Israel,2002,37.158,58.249,8.915,6.45,6.92
218,Israel,2001,37.062,58.985,8.229,6.733,7.02
219,Israel,2000,36.93,58.177,8.174,6.539,6.62
220,Japan,2020,26.141,124.537,8.316,20.008,11.0
221,Japan,2018,24.981,120.375,8.064,19.038,10.74
222,Japan,2016,24.261,115.868,7.999,18.126,10.66
223,Japan,2014,23.54,111.81,7.923,16.95,10.73
224,Japan,2012,22.842,107.368,7.797,16.09,10.67
225,Japan,2010,22.134,103.089,7.708,15.426,9.06
226,Japan,2008,21.471,97.744,7.549,14.527,8.09
227,Japan,2006,20.831,93.199,7.397,13.621,7.69
228,Japan,2004,20.313,89.714,7.261,12.877,7.54
229,Japan,2002,19.787,86.123,7.11,12.131,7.35
230,Japan,2000,19.346,,6.973,11.27,7.03
231,Jordan,2019,25.129,31.602,7.4,9.847,6.99518251
232,Jordan,2018,,26.878,6.795,,6.98295021
233,Jordan,2017,22.26,32.185,6.957,15.338,7.10953665
234,Jordan,2016,,,6.737,14.708,6.97644138
235,Jordan,2015,27.405,,7.169,12.719,7.4609561
236,Jordan,2014,22.702,35.387,7.948,14.108,7.20892906
237,Jordan,2013,24.298,38.024,8.842,15.126,7.16592407
238,Jordan,2012,,,,19.191,7.81799555
239,Jordan,2010,23.39,37.022,8.211,13.202,8.17025661
240,Jordan,2009,21.641,35.574,6.464,12.402,9.22396946
241,Jordan,2008,21.975,29.227,7.68,11.631,8.48880577
242,Jordan,2007,23.602,29.159,7.555,12.492,7.90982628
243,Jordan,2006,22.594,32.613,7.566,11.064,7.67925692
244,Jordan,2005,22.733,30.691,7.386,12.503,8.49441624
245,Jordan,2004,20.602,32.89,7.181,,8.74670506
246,Jordan,2003,22.933,29.998,6.434,11.736,8.78901005
247,Jordan,2002,22.206,28.445,4.515,11.307,9.2786417
248,Jordan,2001,20.582,30.818,5.557,9.659,9.57236385
249,Jordan,2000,18.937,30.79,5.706,8.562,9.34367943
250,Kazakhstan,2020,40.277,,,,3.75
251,Kazakhstan,2019,39.482,,,,2.79
252,Kazakhstan,2018,39.312,,,,2.82
253,Kazakhstan,2017,39.386,,,,3.05
254,Kazakhstan,2016,41.27,,,,3.42
255,Kazakhstan,2015,39.091,71.857,2.853,8.018,3.04
256,Kazakhstan,2014,39.144,70.817,3.655,8.051,2.97
257,Kazakhstan,2013,38.78,78.775,3.693,7.972,2.66
258,Kazakhstan,2012,38.305,78.987,4.046,7.917,3.04
259,Kazakhstan,2011,38.607,77.447,3.873,7.831,2.6
260,Kazakhstan,2010,38.391,75.471,4.004,6.775,2.74
261,Kazakhstan,2009,36.98,74.656,3.47,7.456,3.5
262,Kazakhstan,2008,36.394,69.544,3.48,7.949,3.05
263,Kazakhstan,2007,35.853,72.437,3.572,7.904,2.7
264,Kazakhstan,2006,36.349,71.478,3.547,8.878,3.4
265,Kazakhstan,2005,35.455,67.697,3.337,9.982,3.9
266,Kazakhstan,2004,35.278,66.611,3.492,7.466,3.98
267,Kazakhstan,2003,35.425,65.378,3.383,6.739,3.72
268,Kazakhstan,2002,34.982,64.891,3.264,4.219,3.61
269,Kazakhstan,2001,33.563,62.975,2.838,3.083,3.47
270,Kazakhstan,2000,32.129,60.465,2.594,2.992,4.16
271,Kuwait,2020,22.934,45.867,,,6.34761143
272,Kuwait,2018,,71.055,,,5.18862629
273,Kuwait,2017,,72.264,,,4.65326786
274,Kuwait,2016,,69.302,,,4.73096323
275,Kuwait,2015,25.968,70.177,6.619,,4.21497965
276,Kuwait,2014,26.024,65.358,6.032,4.822,2.9159987
277,Kuwait,2013,24.497,60.011,6.028,,2.48789287
278,Kuwait,2012,24.329,63.34,6.039,,2.33311439
279,Kuwait,2011,24.75,65.513,5.84,,2.33303547
280,Kuwait,2010,24.696,66.369,5.551,,2.67879915
281,Kuwait,2009,19.101,48.483,3.77,3.176,2.70638776
282,Kuwait,2008,18.843,46.852,3.625,3.033,1.92400301
283,Kuwait,2007,18.793,43.21,3.391,2.96,1.92673647
284,Kuwait,2006,14.606,41.711,3.14,3.03,1.8213098
285,Kuwait,2001,,46.177,3.379,3.625,3.18838811
286,Lebanon,2019,26.17,,,,8.6936779
287,Lebanon,2018,24.251,19.29,11.765,14.902,8.07092381
288,Lebanon,2017,22.61,18.326,11.011,13.697,7.80396605
289,Lebanon,2016,21.58,16.865,10.538,12.653,7.92386055
290,Lebanon,2015,21.469,15.739,8.637,11.861,7.41596651
291,Lebanon,2014,20.691,16.65,8.717,11.785,7.52279758
292,Lebanon,2013,23.413,15.945,9.28,12.326,7.06795645
293,Lebanon,2011,27.016,,12.41,13.254,8.17744446
294,Lebanon,2010,23.185,17.597,10.799,11.025,7.43864489
295,Lebanon,2009,,16.738,10.026,9.198,7.0073576
296,Lebanon,2007,23.258,14.411,8.733,9.704,8.55984211
297,Lebanon,2006,24.916,,8.598,,8.66057873
298,Lebanon,2005,,10.166,,8.841,7.54867649
299,Lebanon,2004,,,,6.558,7.99923086
300,Lebanon,2001,26.212,9.471,9.758,7.653,10.56254768
301,Malaysia,2020,22.281,,,,4.08395433
302,Malaysia,2019,20.603,33.936,,,3.83991051
303,Malaysia,2018,18.876,41.692,2.999,,3.75944281
304,Malaysia,2017,18.086,41.079,,,3.71472311
305,Malaysia,2016,15.887,40.838,,,3.70085335
306,Malaysia,2015,14.964,40.755,3.41,3.383,3.82201481
307,Malaysia,2014,14.887,39.1,,,3.71036959
308,Malaysia,2013,15.569,38.195,,,3.51276922
309,Malaysia,2012,13.054,37.38,1.537,3.254,3.45786357
310,Malaysia,2011,12.543,33.256,1.457,2.958,3.31451917
311,Malaysia,2010,11.484,31.409,1.327,2.702,3.16474271
312,Malaysia,2009,10.822,,,,3.2610569
313,Malaysia,2008,9.074,26.332,1.316,,3.00692558
314,Malaysia,2007,8.762,,,1.687,3.07041144
315,Malaysia,2006,8.275,,,,3.10897732
316,Malaysia,2005,7.756,,,,2.78692698
317,Malaysia,2004,7.202,,,,2.86016941
318,Malaysia,2003,7.353,,,,2.92417073
319,Malaysia,2002,7.225,17.968,0.895,1.193,2.66876554
320,Malaysia,2000,6.807,16.927,0.934,1.017,2.51463366
321,Maldives,2020,,48.97,0.991,6.843,11.35
322,Maldives,2019,21.606,50.605,1.09,5.887,7.66
323,Maldives,2018,17.987,60.902,0.51,2.123,7.44
324,Maldives,2017,18.374,35.119,0.699,5.038,9.27
325,Maldives,2016,12.877,25.006,,0.55,10.31
326,Maldives,2015,,68.641,1.423,4.568,8.73
327,Maldives,2014,18.479,56.06,,,7.91
328,Maldives,2010,14.519,51.659,0.885,6.831,8.49
329,Maldives,2009,15.072,52.894,1.289,5.903,10.09
330,Maldives,2007,16.979,47.339,,8.767,8.31
331,Maldives,2004,9.997,29.328,0.331,7.977,7.48
332,Mongolia,2018,38.594,42.219,4.09,6.827,4.53449297
333,Mongolia,2017,,41.644,,,4.33954334
334,Mongolia,2016,28.845,41.015,2.36,,4.58008575
335,Mongolia,2015,32.56,41.397,,5.073,4.23154545
336,Mongolia,2014,32.038,40.774,,,4.20989752
337,Mongolia,2013,31.319,38.535,,,4.08932018
338,Mongolia,2012,30.788,38.262,2.851,5.282,3.85800076
339,Mongolia,2011,28.948,36.966,2.376,4.679,3.58612084
340,Mongolia,2010,27.741,36.544,1.972,4.352,3.73945689
341,Mongolia,2009,26.775,36.318,1.98,4.08,4.45980072
342,Mongolia,2008,28.794,36.467,1.948,4.131,4.55693007
343,Mongolia,2002,26.986,35.38,1.263,3.612,5.18856382
344,Myanmar,2019,7.509,11.027,0.716,0.792,4.71
345,Myanmar,2018,6.904,10.191,0.665,0.753,4.9
346,Myanmar,2017,8.818,,0.823,0.395,5.08
347,Myanmar,2016,6.333,10.573,0.676,,5.11
348,Myanmar,2015,,,0.635,,5.48
349,Myanmar,2012,5.94,9.732,0.6,,2.41
350,Myanmar,2011,5.639,9.433,0.556,,1.93
351,Myanmar,2010,5.352,9.151,0.519,,1.96
352,Myanmar,2009,5.006,8.832,0.471,,2.16
353,Myanmar,2008,4.865,8.501,0.473,,2.11
354,Myanmar,2007,4.5,8.282,0.385,,2.02
355,Myanmar,2006,4.263,8.064,0.36,,2.25
356,Myanmar,2005,3.894,7.652,0.334,,2.33
357,Myanmar,2004,3.758,,0.281,0.027,2.32
358,Nepal,2021,8.674,34.889,1.359,1.713,5.42
359,Nepal,2020,8.455,33.177,1.248,1.642,5.21
360,Nepal,2019,8.028,32.79,1.11,1.335,4.45
361,Nepal,2018,7.378,30.636,0.953,0.912,4.53
362,Nepal,2017,8.923,27.922,2.157,0.962,4.72
363,Nepal,2014,,20.936,,,5.08
364,Nepal,2013,5.544,18.411,,,4.63
365,Nepal,2012,5.095,15.781,,0.439,4.49
366,Nepal,2004,2.07,4.547,0.094,0.102,4.05
367,Oman,2020,19.937,44.264,3.282,6.407,5.25332022
368,Oman,2019,20.861,44.154,3.246,5.742,3.80648994
369,Oman,2018,21.025,44.047,3.123,5.851,3.21469474
370,Oman,2017,20.106,43.898,2.972,5.383,3.95418668
371,Oman,2016,19.604,44.928,2.806,5.502,4.17580843
372,Oman,2015,21.265,46.116,2.741,5.084,4.07826233
373,Oman,2014,21.577,46.879,2.569,4.921,3.13740134
374,Oman,2013,20.104,44.358,2.298,4.695,2.5054009
375,Oman,2012,19.954,44.199,2.277,4.687,2.27702832
376,Oman,2011,19.732,44.398,2.264,4.235,2.23611403
377,Oman,2010,20.341,44.641,2.269,4.341,2.47588587
378,Oman,2009,20.623,44.864,2.31,4.03,2.4694581
379,Oman,2008,19.593,42.373,2.101,3.587,1.75567567
380,Oman,2007,18.836,39.889,2.011,3.515,2.11371112
381,Oman,2006,17.883,37.55,1.937,3.144,2.01985121
382,Oman,2005,16.627,36.884,1.781,2.994,2.26479053
383,Oman,2004,15.679,35.425,1.685,2.827,2.59660101
384,Oman,2003,15.323,,,,2.77524447
385,Oman,2002,14.711,,,,2.77737164
386,Oman,2001,14.305,,,,2.70073724
387,Oman,2000,13.898,33.396,1.118,2.112,2.68485427
388,Pakistan,2019,10.842,4.686,1.195,1.498,2.84736943
389,Pakistan,2018,9.466,9.245,0.931,1.523,2.82844949
390,Pakistan,2017,9.613,5.751,0.946,1.546,2.7863009
391,Pakistan,2016,9.174,4.647,0.859,,2.57026362
392,Pakistan,2015,8.755,4.492,0.789,,2.45764351
393,Pakistan,2014,8.414,4.335,0.725,,2.45603824
394,Pakistan,2013,8.17,4.917,0.668,,2.4017837
395,Pakistan,2012,7.956,4.061,0.628,1.232,2.20038652
396,Pakistan,2011,7.672,3.911,0.587,,2.14016914
397,Pakistan,2010,7.452,5.163,0.54,,2.39686537
398,Pakistan,2009,7.34,5.025,0.517,,2.47458911
399,Pakistan,2008,7.206,4.89,0.485,,2.71266913
400,Pakistan,2007,7.028,,,,2.81689191
401,Pakistan,2005,7.246,,,,2.55108738
402,Pakistan,2004,6.815,4.205,0.378,0.475,2.22177458
403,Pakistan,2001,6.045,3.94,0.29,,2.54956865
404,Pakistan,2000,5.948,3.89,0.27,,2.71176577
405,Philippines,2021,7.862,47.547,2.492,4.698,5.87
406,Philippines,2020,7.515,47.762,2.529,4.574,5.16
407,Philippines,2019,7.352,48.078,2.522,4.646,4.17
408,Philippines,2018,7.007,47.735,2.458,4.262,3.95
409,Philippines,2017,6.69,47.316,2.386,3.914,3.96
410,Philippines,2011,,,,6.124,4.03
411,Philippines,2010,12.627,,,,4.13
412,Philippines,2009,12.559,56.147,,,4.16
413,Philippines,2008,12.51,51.024,0.207,,3.86
414,Philippines,2007,12.42,46.455,,,3.75
415,Philippines,2006,12.359,44.042,,,3.78
416,Philippines,2005,12.298,42.785,,,3.74
417,Philippines,2004,11.094,42.437,5.425,5.87,3.05
418,Philippines,2003,12.272,42.422,,,3.08
419,Philippines,2002,11.118,42.717,5.317,5.703,2.64
420,Philippines,2001,12.208,43.006,,,2.85
421,Philippines,2000,12.19,43.183,1.099,,3.06
422,Qatar,2019,,,6.202,,3.20278597
423,Qatar,2018,24.986,72.361,6.293,8.942,2.96176219
424,Qatar,2017,,60.716,,,3.21237087
425,Qatar,2016,27.559,50.678,8.304,10.623,3.54971433
426,Qatar,2014,19.268,62.186,7.505,9.646,2.42293572
427,Qatar,2010,40.379,61.949,,,1.87017763
428,Qatar,2009,31.833,47.165,,,2.38356304
429,Qatar,2008,31.919,58.354,,,1.63775349
430,Qatar,2006,22.786,60.93,4.788,10.403,2.288064
431,Qatar,2005,25.333,57.5,8.13,12.961,2.56300044
432,Saudi Arabia,2021,27.885,56.046,6.325,8.578,5.96836901
433,Saudi Arabia,2020,26.484,54.644,5.451,7.648,6.64629889
434,Saudi Arabia,2019,26.33,55.548,5.251,8.896,5.46742678
435,Saudi Arabia,2018,25.136,52.706,4.784,8.317,5.34063101
436,Saudi Arabia,2017,24.093,42.585,4.59,7.346,6.03126049
437,Saudi Arabia,2016,22.666,55.054,4.17,7.63,6.24143076
438,Saudi Arabia,2015,22.368,,4.123,,5.86202002
439,Saudi Arabia,2014,21.399,50.057,3.98,6.736,5.15801096
440,Saudi Arabia,2013,21.593,,3.969,,4.42293596
441,Saudi Arabia,2012,19.959,45.326,3.245,5.058,3.98779702
442,Saudi Arabia,2011,19.655,44.653,3.305,5.08,3.68218255
443,Saudi Arabia,2010,19.196,44.129,3.114,5.075,3.64786315
444,Saudi Arabia,2009,16.467,38.92,2.572,5.246,4.29042768
445,Saudi Arabia,2008,16.728,36.92,2.53,5.781,2.97100711
446,Saudi Arabia,2001,6.549,,0.716,,4.4617424
447,Saudi Arabia,2000,6.938,16.937,,,4.2115941
448,Singapore,2019,24.34,,,,4.39938164
449,Singapore,2018,23.675,,4.064,,4.07545424
450,Singapore,2017,23.221,61.82,,,4.36493397
451,Singapore,2016,22.702,61.048,3.848,5.033,4.38810682
452,Singapore,2015,22.051,59.476,,,4.18069839
453,Singapore,2014,21.063,56.989,,,3.87155652
454,Singapore,2013,19.994,55.479,3.293,3.99,3.68562651
455,Singapore,2012,19.002,54.661,2.921,3.683,3.32783675
456,Singapore,2011,18.264,51.046,2.799,3.812,3.15792179
457,Singapore,2010,17.488,56.821,3.037,3.513,3.20265388
458,Singapore,2009,16.61,53.47,2.92,3.309,3.39853096
459,Singapore,2008,16.206,50.035,2.922,3.195,3.19488454
460,Singapore,2007,15.834,47.889,2.904,3.18,2.83749056
461,Singapore,2006,15.448,46.643,2.949,3.167,2.9347465
462,Singapore,2005,15.532,46.419,2.939,3.061,3.03367925
463,Singapore,2004,15.202,45.263,2.873,3.016,3.15019798
464,Singapore,2003,14.887,,2.816,3.029,3.60699272
465,Singapore,2002,14.434,,,,3.358464
466,Singapore,2001,14.369,42.215,2.638,2.769,3.16302657
467,Singapore,2000,13.758,,,,3.343364
468,Sri Lanka,2021,11.924,24.394,1.048,1.063,4.07
469,Sri Lanka,2020,12.121,24.605,1.059,1.003,4.02
470,Sri Lanka,2019,11.365,22.264,1.062,0.841,3.9
471,Sri Lanka,2018,9.877,21.448,0.639,0.811,3.64
472,Sri Lanka,2017,9.114,19.615,0.685,0.756,3.33
473,Sri Lanka,2016,8.756,19.109,0.673,0.722,3.62
474,Sri Lanka,2015,8.451,19.212,0.637,0.705,3.68
475,Sri Lanka,2014,8.187,18.726,0.64,0.692,3.47
476,Sri Lanka,2013,7.806,17.993,0.605,0.638,3.69
477,Sri Lanka,2012,7.469,17.903,0.582,0.649,3.31
478,Sri Lanka,2011,7.228,17.831,0.55,0.64,3.58
479,Sri Lanka,2010,7.097,17.111,0.506,,3.74
480,Sri Lanka,2009,6.707,15.28,0.419,,4.06
481,Sri Lanka,2008,6.152,14.82,0.648,,3.85
482,Sri Lanka,2007,5.49,20.259,0.654,0.441,3.82
483,Sri Lanka,2006,5.173,16.568,0.594,,3.85
484,Sri Lanka,2005,5.184,13.985,0.485,,3.88
485,Sri Lanka,2004,5.376,17.051,0.396,0.465,4.04
486,Sri Lanka,2002,,10.595,0.393,,4.04
487,Sri Lanka,2001,4.431,8.349,,,4.06
488,Sri Lanka,2000,4.241,11.919,0.339,,4.11
489,Tajikistan,2014,17.077,47.115,1.548,,6.67
490,Tajikistan,2013,16.933,44.299,1.598,,6.53
491,Tajikistan,2012,17.092,43.508,1.527,,5.98
492,Tajikistan,2011,17.016,40.113,1.57,,5.86
493,Tajikistan,2010,16.765,39.022,1.619,,5.74
494,Tajikistan,2009,16.211,35.468,1.51,,5.86
495,Tajikistan,2008,18.989,35.011,1.458,,5.91
496,Tajikistan,2007,18.63,34.609,1.44,,5.54
497,Tajikistan,2006,18.8,34.399,1.401,,5.03
498,Tajikistan,2005,19.154,33.941,1.43,,5.21
499,Tajikistan,2004,19.114,34.547,1.428,,4.8
500,Tajikistan,2003,19.015,34.949,1.395,1.019,4.7
501,Tajikistan,2002,20.051,37.922,1.46,1.039,4.44
502,Tajikistan,2001,20.942,38.397,1.443,1.061,4.58
503,Tajikistan,2000,21.521,41.438,1.47,1.084,4.26
504,Thailand,2020,9.276,,,,4.35728741
505,Thailand,2019,8.972,30.778,2.553,6.161,3.78911877
506,Thailand,2018,7.858,26.934,2.264,5.398,3.87040329
507,Thailand,2017,7.883,28.869,1.633,4.076,3.85276842
508,Thailand,2016,4.347,27.082,1.58,5.066,3.93900609
509,Thailand,2015,4.546,23.15,,1.74,3.8522861
510,Thailand,2010,3.844,20.318,1.735,1.274,3.39009809
511,Thailand,2009,3.34,16.191,1.464,1.237,3.61939645
512,Thailand,2008,3.127,15.654,1.433,1.272,3.45933938
513,Thailand,2007,2.931,15.135,1.397,1.188,3.19277525
514,Thailand,2006,2.853,15.329,1.328,1.197,3.09970832
515,Thailand,2004,2.897,14.807,0.632,1.135,3.13893151
516,Thailand,2002,2.956,13.186,0.696,1.144,3.334723
517,Thailand,2001,2.977,12.261,0.678,1.077,3.02623773
518,Timor-Leste,2020,7.669,17.731,0.023,2.123,9.96385956
519,Timor-Leste,2019,7.763,17.729,0.078,2.148,6.02679253
520,Timor-Leste,2018,7.259,16.762,0.063,1.902,6.36952639
521,Timor-Leste,2017,7.505,17.415,,2.043,6.75752544
522,Timor-Leste,2016,,,0.082,,6.89625168
523,Timor-Leste,2015,6.892,14.704,,0.083,7.67216587
524,Timor-Leste,2014,6.761,13.901,,0.068,7.60483742
525,Timor-Leste,2013,6.129,9.056,0.06,,8.5323782
526,Timor-Leste,2011,,11.527,0.063,0.135,6.86541462
527,Timor-Leste,2010,,11.53,0.064,0.138,6.47058821
528,Timor-Leste,2009,,11.412,0.056,0.075,7.30931807
529,Timor-Leste,2008,,10.574,0.019,0.038,6.96563959
530,Timor-Leste,2007,,10.369,,0.039,5.64793253
531,Timor-Leste,2004,,18.975,0.021,0.011,4.26103544
532,Turkmenistan,2014,21.474,42.734,1.114,1.635,4.30969286
533,Turkmenistan,2013,21.354,42.904,1.097,1.629,3.93541193
534,Turkmenistan,2012,21.593,43.391,1.125,1.629,3.36840105
535,Turkmenistan,2011,22.045,43.564,1.127,1.655,3.24805617
536,Turkmenistan,2010,21.963,43.586,1.112,1.762,3.24345636
537,Turkmenistan,2009,22.146,43.526,1.355,1.839,2.84764099
538,Turkmenistan,2008,22.284,43.948,1.365,1.904,3.49424887
539,Turkmenistan,2007,22.693,44.616,1.395,1.93,3.12948632
540,Turkmenistan,2006,23.228,46.48,1.419,1.869,4.97834015
541,Turkmenistan,2005,24.367,48.137,1.549,2.018,5.65422964
542,Turkmenistan,2004,25.499,51.069,1.602,2.048,6.25892353
543,Turkmenistan,2003,26.073,70.542,2.066,2.603,5.0367589
544,Turkmenistan,2002,69.602,66.548,2.12,2.639,4.15504408
545,Turkmenistan,2001,27.257,78.425,2.267,3.068,4.82198191
546,Turkmenistan,2000,27.156,79.188,2.379,3.215,4.07783461
547,United Arab Emirates,2020,28.788,63.574,7.386,12.009,5.82477045
548,United Arab Emirates,2019,27.589,60.946,7.139,12.839,4.38618946
549,United Arab Emirates,2018,26.635,60.347,6.863,9.266,4.09854221
550,United Arab Emirates,2017,25.481,59.454,6.187,8.745,4.00854969
551,United Arab Emirates,2016,24.677,57.566,5.743,7.639,3.89580107
552,United Arab Emirates,2015,22.969,51.761,5.513,5.884,3.46609354
553,United Arab Emirates,2014,20.807,41.283,4.537,6.347,3.53405499
554,United Arab Emirates,2013,18.3,35.105,3.635,4.32,3.50222182
555,United Arab Emirates,2012,15.579,31.754,3.627,2.036,3.33596373
556,United Arab Emirates,2011,14.992,29.795,3.498,0.583,3.67006993
557,United Arab Emirates,2010,14.309,26.742,3.632,1.802,3.87873054
558,United Arab Emirates,2009,15.034,28.968,3.596,6.483,4.04999304
559,United Arab Emirates,2008,16.641,28.588,3.039,4.437,2.92847514
560,United Arab Emirates,2007,14.762,31.305,3.268,5.742,2.56569624
561,United Arab Emirates,2006,14.387,30.292,2.772,7.434,2.3254137
562,United Arab Emirates,2005,16.284,32.151,3.303,6.517,2.32019687
563,United Arab Emirates,2004,19.538,34.147,3.716,5.023,2.46204329
564,United Arab Emirates,2003,20.21,38.496,3.341,4.791,2.64634395
565,United Arab Emirates,2002,19.173,36.357,3.165,4.439,2.71770859
566,United Arab Emirates,2001,18.96,35.551,3.025,4.38,2.48437047
567,United Arab Emirates,2000,17.238,32.544,2.449,4.18,2.37413526
568,Uzbekistan,2014,23.726,112.73,1.485,0.408,4.43
569,Uzbekistan,2013,24.02,113.144,1.585,0.376,5.72
570,Uzbekistan,2012,24.407,113.756,1.599,0.379,5.55
571,Uzbekistan,2011,24.967,113.928,1.673,0.372,5.26
572,Uzbekistan,2010,25.345,113.403,1.64,0.375,5.3
573,Uzbekistan,2009,25.612,111.324,1.586,0.352,4.8
574,Uzbekistan,2008,25.954,110.941,1.628,0.34,4.7
575,Uzbekistan,2007,26.228,108.307,1.739,0.329,4.54
576,Uzbekistan,2006,26.394,107.373,1.784,0.271,4.75
577,Uzbekistan,2005,26.554,109.193,1.955,0.312,4.78
578,Uzbekistan,2004,27.047,106.264,2.003,0.296,4.84
579,Uzbekistan,2003,27.647,107.1,2.072,0.296,5.19
580,Uzbekistan,2002,28.292,107.769,2.097,0.3,5.14
581,Uzbekistan,2001,28.929,108.171,2.092,0.267,5.24
582,Uzbekistan,2000,29.443,108.344,2.05,0.27,5.12
